month,GBP,USD,EUR,JPY
1,0.9966518323292105,0.9963214699721032,0.9981492423159071,0.9994887053853372
2,0.9932757254174678,0.9926211947455021,0.9962649647214616,0.9989554287772355
3,0.9898741761492564,0.9889020050335767,0.9943490958016633,0.9984010575995172
4,0.9864495560246078,0.9851665509763552,0.9924034805586899,0.9978264487790981
5,0.9830041164028528,0.9814173119914514,0.9904298835321107,0.9972324296582378
6,0.9795399935824489,0.977656606172359,0.9884299918335566,0.9966197988867345
7,0.9760592137172096,0.9738865992472239,0.9864054180955356,0.9959893272939961
8,0.9725636975698485,0.9701093131117675,0.9843577033343978,0.9953417587409663
9,0.9690552651042611,0.9663266339504316,0.9822883197277361,0.9946778109519318
10,0.9655356399184085,0.962540319960068,0.9801986733067553,0.9939981763262783
11,0.9620064535200543,0.9587520086906378,0.9780901065643627,0.9933035227302976
12,0.9584692494479312,0.9549632240174228,0.9759639009799266,0.992594494269182
13,0.9549254872411972,0.951175382759194,0.9738212794618146,0.9918717120393759
14,0.9513765462602748,0.9473898009566617,0.9716634087089697,0.9911357748614756
15,0.9478237293623627,0.9436076998253408,0.9694914014929068,0.9903872599938988
16,0.9442682664350669,0.9398302113967216,0.9673063188616188,0.9896267238275596
17,0.9407113177917258,0.9360583838613545,0.965109172266969,0.9888547025618115
18,0.9371539774321017,0.9322931866271342,0.9629009256172216,0.9880717128619305
19,0.9335972761721806,0.9285355151057233,0.9606824972564211,0.9872782524984295
20,0.9300421846468714,0.9247861952396823,0.9584547618723803,0.9864748009685051
21,0.9264896161894247,0.9210459877824874,0.9562185523350708,0.985661820099931
22,0.9229404295913975,0.9173155923432169,0.953974661467237,0.9848397546377172
23,0.9193954317469863,0.9135956512072839,0.9517238437490714,0.9840090328138678
24,0.9158553801855307,0.9098867529441765,0.9494668169587994,0.9831700669005679
25,0.9123209854959549,0.906189435812758,0.9472042637510201,0.9823232537471448
26,0.9087929136468715,0.9025041909742677,0.9449368331746487,0.9814689753011432
27,0.9052717882060229,0.8988314655227542,0.9426651421322941,0.980607599113861
28,0.9017581924626683,0.8951716653422706,0.9403897767828886,0.9797394788306952
29,0.898252671456465,0.8915251577997672,0.9381112938893718,0.9788649546666441
30,0.8947557339163158,0.887892274282226,0.9358302221132005,0.9779843538673139
31,0.8912678541125748,0.8842733125862074,0.933547063257438,0.9770979911557764
32,0.8877894736259322,0.8806685391676066,0.9312622934601376,0.9762061691656253
33,0.8843210030362022,0.8770781912590614,0.9289763643397126,0.9753091788605698
34,0.8808628235341645,0.8735024788621063,0.9266897040939449,0.9744072999409096
35,0.8774152884595122,0.8699415866208311,0.9244027185542495,0.9735008012372268
36,0.8739787247678775,0.8663956755834771,0.9221157921967809,0.972589941091627
37,0.8705534344298125,0.8628648848580958,0.9198292891119203,0.9716749677268597
38,0.8671396957645144,0.859349333168088,0.9175435539336548,0.9707561196036434
39,0.8637377647109973,0.8558491203131593,0.9152589127303091,0.9698336257665138
40,0.8603478760393192,0.8523643285409443,0.9129756738580607,0.9689077061785104
41,0.8569702445043896,0.8488950238342906,0.9106941287786239,0.9679785720450127
42,0.853605065944794,0.8454412571189371,0.9084145528424485,0.9670464261270287
43,0.8502525183289839,0.8420030653960769,0.9061372060387433,0.9661114630442353
44,0.846912762751103,0.8385804728040643,0.9038623337135874,0.9651738695680636
45,0.8435859443786295,0.8351734916133013,0.9015901672573636,0.9642338249051169
46,0.8402721933539401,0.8317821231581283,0.8993209247626985,0.9632915009712019
47,0.8369716256518188,0.8284063587093383,0.8970548116540626,0.9623470626562491
48,0.833684343894858,0.8250461802907482,0.8947920212901452,0.9614006680803936
49,0.8304104381286238,0.821701561443066,0.8925327355400778,0.9604524688414755
50,0.8271499865583825,0.8183724679381315,0.8902771253345485,0.9595026102542231
51,0.8239030562491185,0.8150588584464286,0.8880253511928108,0.9585512315813653
52,0.8206697037905006,0.811760685160621,0.8857775637265562,0.9575984662569221
53,0.8174499759283883,0.8084778943777046,0.8835339041215862,0.9566444421019106
54,0.8142439101644058,0.8052104270422307,0.8812945045981857,0.955689281532702
55,0.8110515353250474,0.8019582192529205,0.8790594888510677,0.9547331017622553
56,0.8078728721017185,0.7987212027348596,0.8768289724697271,0.9537760149944506
57,0.8047079335630568,0.7954993052793404,0.8746030633400104,0.9528181286117384
58,0.8015567256408205,0.7922924511533072,0.8723818620276796,0.9518595453563147
59,0.7984192475905819,0.7891005614802457,0.8701654621447177,0.9509003635050264
60,0.7952954924284024,0.7859235545942573,0.8679539506990969,0.9499406770382075
61,0.7921854473446232,0.78276134636896,0.8657474084287006,0.9489805758026383
62,0.7890890940958518,0.7796138505227623,0.8635459101200683,0.9480201456688172
63,0.7860064093761805,0.7764809789019741,0.8613495249126011,0.9470594686827282
64,0.7829373651686237,0.7733626417431264,0.8591583165888451,0.9460986232122807
65,0.7798819290777249,0.7702587479158027,0.8569723438514456,0.945137684088597
66,0.7768400646442337,0.767169205147202,0.8547916605873385,0.9441767227423131
67,0.7738117316427188,0.7640939202295866,0.8526163161197259,0.9432158073350575
68,0.770796886362944,0.7610327992117023,0.8504463554483627,0.9422550028862647
69,0.7677954818757939,0.757985747575192,0.8482818194786537,0.94129437139548
70,0.7648074682845057,0.7549526703969658,0.8461227452400486,0.9403339719603006
71,0.7618327929619233,0.7519334724984355,0.8439691660941965,0.9393738608901011
72,0.7588714007744634,0.7489280585824664,0.8418211119333062,0.938414091815683
73,0.7559232342934488,0.7459363333588488,0.8396786093691395,0.9374547157949824
74,0.7529882339944333,0.7429582016590462,0.8375416819130468,0.9364957814149699
75,0.7500663384451166,0.7399935685409299,0.8354103501474385,0.9355373348898705
76,0.7471574844824189,0.7370423393841675,0.8332846318890691,0.9345794201558256
77,0.7442616073792576,0.7341044199768976,0.8311645423444948,0.93362207896212
78,0.7413786410015455,0.7311797165942756,0.8290500942580515,0.9326653509590873
79,0.7385085179559033,0.7282681360694505,0.8269412980526852,0.9317092737828092
80,0.7356511697285588,0.7253695858574916,0.8248381619639525,0.930753883136716
81,0.7328065268158813,0.7224839740927557,0.8227406921674962,0.9297992128701951
82,0.7299745188469788,0.7196112096401537,0.8206488929002888,0.9288452950543091
83,0.7271550746987665,0.7167512021407503,0.8185627665759228,0.9278921600547241
84,0.7243481226038946,0.7139038620520994,0.8164823138942157,0.9269398366019423
85,0.7215535902519064,0.711069100683697,0.8144075339453872,0.9259883518589336
86,0.7187714048839782,0.7082468302279068,0.8123384243090537,0.9250377314862542
87,0.7160014933815781,0.7054369637866943,0.8102749811482753,0.9240879997047421
88,0.7132437823493623,0.7026394153944804,0.8082171992988811,0.9231391793558703
89,0.7104981981926126,0.69985410003741,0.8061650723542875,0.9221912919598418
90,0.7077646671895088,0.6970809336693098,0.8041185927460173,0.9212443577715042
91,0.7050431155585062,0.6943198332245909,0.802077751820115,0.9202983958341597
92,0.702333469521085,0.691570716628341,0.8000425399096494,0.9193534240313457
93,0.6996356553601191,0.6888335028038272,0.7980129464034827,0.9184094591366551
94,0.6969495994741027,0.6861081116776229,0.7959889598114801,0.9174665168616677
95,0.6942752284274609,0.6833944641825551,0.7939705678263244,0.9165246119020578
96,0.6916124689971577,0.6806924822586563,0.7919577573820942,0.9155837579819425
97,0.6889612482158075,0.6780020888522919,0.7899505147097581,0.9146439678965335
98,0.6863214934114844,0.6753232079136242,0.7879488253897273,0.9137052535531531
99,0.6836931322444104,0.6726557643925649,0.7859526744016071,0.9127676260106714
100,0.6810760927407044,0.6699996842333509,0.7839620461712783,0.9118310955174214
101,0.6784703033233525,0.6673548943678776,0.7819769246154354,0.9108956715476476
102,0.675875692840561,0.6647213227079105,0.7799972931837029,0.9099613628365384
103,0.6732921905916437,0.6620988981362846,0.7780231348984437,0.909028177413895
104,0.6707197263505825,0.6594875504972013,0.7760544323923714,0.9080961226364846
105,0.6681582303874016,0.6568872105857158,0.7740911679440721,0.9071652052191269
106,0.6656076334874804,0.6542978101365096,0.7721333235115347,0.9062354312645571
107,0.6630678669689299,0.6517192818120295,0.7701808807637882,0.9053068062921118
108,0.660538862698147,0.6491515591900711,0.7682338211107357,0.9043793352652806
109,0.6580205531036575,0.6465945767508817,0.7662921257312754,0.9034530226181617
110,0.6555128711883522,0.6440482698638462,0.7643557755997895,0.9025278722808664
111,0.6530157505402154,0.64151257477382,0.7624247515110844,0.901603887703905
112,0.650529125341639,0.6389874285871657,0.7604990341038551,0.9006810718815965
113,0.6480529303774112,0.6364727692575457,0.7585786038827507,0.8997594273745352
114,0.6455871010414652,0.6339685355715197,0.7566634412391059,0.8988389563311479
115,0.6431315733424672,0.631474667133992,0.7547535264704105,0.8979196605083791
116,0.6406862839083188,0.6289911043535509,0.7528488397985753,0.8970015412915318
117,0.6382511699896458,0.6265177884277336,0.7509493613870581,0.8960845997132979
118,0.6358261694623427,0.6240546613282584,0.749055071356907,0.8951688364720078
119,0.6334112208292351,0.6216016657862483,0.7471659498017743,0.8942542519491279
120,0.6310062632209208,0.6191587452774804,0.7452819768019564,0.8933408462260329
121,0.6286112363958499,0.6167258440076848,0.743403132437508,0.8924286191000828
122,0.626226080739695,0.6143029068979179,0.7415293968004782,0.8915175701000276
123,0.6238507372640631,0.6118898795700304,0.7396607500063155,0.8906076985007667
124,0.6214851476046018,0.6094867083322524,0.7377971722044837,0.8896990033374864
125,0.6191292540185395,0.6070933401649099,0.7359386435883313,0.8887914834191996
126,0.6167829993817074,0.6047097227062912,0.7340851444042525,0.8878851373417093
127,0.6144463271850839,0.6023358042386757,0.7322366549601795,0.8869799635000195
128,0.6121191815308966,0.5999715336745394,0.7303931556334392,0.8860759601002117
129,0.609801507128323,0.5976168605429457,0.7285546268780106,0.8851731251708103
130,0.6074932492888201,0.595271734976135,0.7267210492312157,0.8842714565736537
131,0.6051943539211174,0.5929361076963172,0.7248924033198714,0.883370952014293
132,0.6029047675259039,0.5906099300026794,0.7230686698659367,0.882471609051933
133,0.6006244371902364,0.58829315375861,0.7212498296916803,0.8815734251089355
134,0.5983533105816968,0.5859857313791502,0.7194358637243949,0.880676397479902
135,0.5960913359423249,0.5836876158186718,0.7176267530006863,0.879780523340349
136,0.5938384620823473,0.5813987605587888,0.7158224786703584,0.8788857997549963
137,0.5915946383737288,0.5791191195965045,0.7140230219999196,0.8779922236856789
138,0.5893598147435651,0.5768486474325957,0.7122283643757308,0.8770997919989004
139,0.5871339416673357,0.5745872990602356,0.710438487306817,0.8762085014730402
140,0.5849169701620375,0.5723350299538575,0.7086533724273618,0.8753183488052283
141,0.5827088517792158,0.5700917960582574,0.7068730014989025,0.8744293306179017
142,0.580509538597908,0.5678575537779378,0.7050973564122464,0.873541443465054
143,0.578318983217516,0.5656322599666903,0.7033264191891223,0.8726546838381901
144,0.5761371387506209,0.5634158719174162,0.7015601719835856,0.8717690481719994
145,0.5739639588157549,0.5612083473521848,0.6997985970831905,0.8708845328497566
146,0.5717993975301398,0.5590096444125261,0.6980416769099463,0.8700011342084627
147,0.5696434095024054,0.5568197216499569,0.6962893940210678,0.869118848543735
148,0.5674959498253005,0.5546385380167371,0.694541731109537,0.8682376721144585
149,0.5653569740684007,0.5524660528568555,0.6927986710044867,0.8673576011472052
150,0.5632264382708281,0.5503022258972381,0.6910601966714158,0.8664786318404346
151,0.5611042989339893,0.5481470172391816,0.6893262912122526,0.86560076036848
152,0.5589905130143379,0.5460003873500042,0.6875969378652708,0.8647239828853333
153,0.5568850379161714,0.5438622970549118,0.6858721200048721,0.8638482955282333
154,0.5547878314844684,0.5417327075290779,0.6841518211412446,0.862973694421069
155,0.5526988519977705,0.5396115802899304,0.682436024919904,0.8621001756776016
156,0.5506180581611183,0.5374988771896441,0.6807247151211278,0.8612277354045161
157,0.5485454090990433,0.5353945604078343,0.6790178756592907,0.8603563697043083
158,0.5464808643486215,0.5332985924444477,0.6773154905821075,0.8594860746780129
159,0.5444243838525951,0.5312109361128458,0.675617544069792,0.8586168464277824
160,0.5423759279525621,0.5291315545330784,0.6739240204341381,0.8577486810593195
161,0.5403354573822415,0.5270604111253433,0.6722349041175296,0.8568815746841726
162,0.5383029332608155,0.5249974696036255,0.670550179691885,0.856015523421897
163,0.5362783170863498,0.5229426939695153,0.6688698318575431,0.8551505234020912
164,0.5342615707292996,0.5208960485061997,0.6671938454420939,0.8542865707663093
165,0.5322526564260971,0.5188574977726226,0.665522205399162,0.8534236616698601
166,0.5302515367728289,0.516827006597811,0.6638548968071443,0.8525617922834917
167,0.5282581747189992,0.5148045400753632,0.6621919048679098,0.8517009587949738
168,0.5262725335613853,0.512790063558093,0.6605332149054634,0.850841157410574
169,0.5242945769379832,0.510783542652829,0.6588788123645783,0.8499823843564411
170,0.5223242688220467,0.5087849432153639,0.657228682809402,0.849124635879893
171,0.5203615735162184,0.5067942313455486,0.6555828119220374,0.8482679082506169
172,0.5184064556467558,0.5048113733825291,0.653941185501104,0.8474121977617851
173,0.5164588801578522,0.5028363359001228,0.6523037894602817,0.8465575007310893
174,0.5145188123060516,0.5008690857023284,0.65067060982684,0.8457038135016988
175,0.5125862176547585,0.4989095898189675,0.6490416327401558,0.8448511324431442
176,0.5106610620688452,0.4969578155014544,0.647416844450222,0.8439994539521323
177,0.5087433117093498,0.49501373021868944,0.6457962313161492,0.8431487744532922
178,0.5068329330282745,0.49307730165307323,0.6441797798046633,0.8422990903998593
179,0.5049298927634737,0.4911484976966387,0.642567476488601,0.8414503982742984
180,0.5030341579336395,0.4892272864472965,0.6409593080454038,0.8406026945888682
181,0.5011456958333796,0.48731363620519236,0.6393552612556153,0.8397559758861317
182,0.49926447402838836,0.48540751546917044,0.6377553230013797,0.8389102387394137
183,0.49739046035071066,0.48350889293334326,0.6361594802649468,0.8380654797532086
184,0.4955236228940976,0.48161773748376135,0.6345677201271819,0.8372216955635409
185,0.4936639300094527,0.47973401819518247,0.6329800297660833,0.8363788828382812
186,0.49181135030036827,0.4778577043279361,0.6313963964553102,0.8355370382774188
187,0.48996585261875153,0.4759887653248807,0.6298168075627182,0.834696158613294
188,0.48812740606053856,0.4741271708084512,0.6282412505489077,0.8338562406107924
189,0.4862959799614945,0.47227289057779304,0.626669712965783,0.8330172810675022
190,0.48447154389310165,0.4704258946059822,0.6251021824551253,0.8321792768138365
191,0.48265406765853147,0.4685861530373258,0.6235386467471785,0.8313422247131251
192,0.4808435212887,0.4667536361847432,0.6219790936592502,0.8305061216616723
193,0.4790398750384074,0.46492831452722366,0.620423511094327,0.8296709645887876
194,0.4772430993825578,0.46311015870735917,0.6188718870397062,0.8288367504567884
195,0.47545316501246054,0.4612991395289496,0.6173242095656433,0.8280034762609755
196,0.4736700428322092,0.4594952279546769,0.6157804668240163,0.8271711390295857
197,0.47189370395513996,0.4576983951038493,0.6142406470470078,0.8263397358237196
198,0.4701241197003656,0.4559086122502092,0.6127047385458031,0.8255092637372488
199,0.46836126158938507,0.45412585081980555,0.6111727297093084,0.8246797198967014
200,0.46660510134276734,0.45235008238892843,0.6096446090028846,0.8238511014611294
201,0.4648556108769082,0.45058127868210285,0.6081203649671022,0.823023405621957
202,0.4631127623008579,0.4488194115701395,0.6065999862165125,0.8221966296028126
203,0.46137652791322,0.44706445306824283,0.6050834614384386,0.8213707706593439
204,0.4596468801991181,0.44531637533417284,0.6035707793917863,0.8205458260790202
205,0.45792379182723136,0.44357515066645814,0.6020619289058716,0.8197217931809176
206,0.45620723564689547,0.4418407515026612,0.60055689887927,0.8188986693154952
207,0.4544971846852698,0.4401131504176918,0.5990556782786827,0.8180764518643554
208,0.4527936121445669,0.4383923201221678,0.5975582561378235,0.8172551382399963
209,0.45109649139934627,0.43667823346082196,0.5960646215563241,0.8164347258855514
210,0.44940579599386843,0.4349708634109534,0.5945747636986586,0.8156152122745214
211,0.4477214996395093,0.4332701830809215,0.5930886717930872,0.8147965949104958
212,0.44604357621223373,0.431576165708681,0.5916063351306189,0.8139788713268681
213,0.44437199975012653,0.4298887846603585,0.5901277430639931,0.8131620390865418
214,0.4427067444509799,0.42820801342886594,0.5886528850066798,0.812346095781631
215,0.44104778466993594,0.4265338256325528,0.5871817504318988,0.8115310390331539
216,0.43939509491718387,0.4248661950138945,0.585714328871657,0.8107168664907223
217,0.43774864985570977,0.42320509543821494,0.5842506099158045,0.8099035758322235
218,0.43610842429909735,0.42155050089244395,0.5827905832111088,0.8090911647635007
219,0.4344743932093812,0.4199023854839065,0.5813342384603468,0.8082796310180276
220,0.4328465316949475,0.4182607234391445,0.5798815654214154,0.8074689723565798
221,0.43122481500848436,0.4166254891027682,0.5784325539064582,0.8066591865669036
222,0.4296092185449795,0.41499665693633797,0.5769871937810117,0.8058502714633824
223,0.4279997178397631,0.413374201517274,0.5755454749631671,0.8050422248867001
224,0.4263962885665969,0.4117580975377937,0.5741073874227502,0.8042350447035034
225,0.4247989065358076,0.4101483198038764,0.5726729211805175,0.8034287288060629
226,0.4232075476924618,0.40854484323425266,0.5712420663073688,0.8026232751119322
227,0.421622188114585,0.40694764285941964,0.5698148129235772,0.8018186815636076
228,0.42004280401142036,0.4053566938206793,0.5683911511980335,0.801014946128186
229,0.4184693717217283,0.4037719713692011,0.5669710713475083,0.8002120667970243
230,0.4169018677121251,0.40219345086510633,0.5655545636359283,0.7994100415853969
231,0.41534026857545964,0.4006211077765741,0.5641416183736686,0.7986088685321558
232,0.4137845510292277,0.3990549176789687,0.5627322259168607,0.7978085456993904
233,0.4122346919140224,0.39749485625398706,0.5613263766667139,0.7970090711720874
234,0.410690668192021,0.39594089928882564,0.559924061068853,0.7962104430577936
235,0.40915245694550506,0.39439302267536624,0.5585252696126694,0.7954126594862788
236,0.4076200353754157,0.39285120240938004,0.557129992830686,0.7946157186092004
237,0.4060933807999414,0.39131541458975,0.5557382212979379,0.7938196185997706
238,0.40457247065313773,0.38978563541770866,0.5543499456313643,0.7930243576524237
239,0.40305728248357886,0.388261841196094,0.5529651564892152,0.7922299339824879
240,0.4015477939530399,0.386744008328621,0.551583844570471,0.7914363458258571
241,0.4000439828352082,0.38523211331916724,0.5502060006142753,0.7906435914386662
242,0.3985458270144246,0.383726132771075,0.5488316153993791,0.7898516690969691
243,0.3970533044844535,0.3822260433864671,0.5474606797435996,0.7890605770964182
244,0.39556639334727844,0.3807318219655762,0.5460931845032887,0.7882703137519472
245,0.3940850718119275,0.37924344540608784,0.5447291205728153,0.7874808773974576
246,0.39260931819332284,0.3777608907024972,0.5433684788840583,0.7866922663855067
247,0.3911391109111568,0.3762841349454764,0.5420112504059111,0.7859044790869989
248,0.38967442848879263,0.3748131553212564,0.5406574261437982,0.7851175138908809
249,0.38821524955219006,0.3733479291110187,0.5393069971392013,0.7843313692038395
250,0.38676155282885333,0.37188843369029906,0.5379599544691973,0.7835460434500021
251,0.385313317146804,0.3704346465284021,0.5366162892460067,0.7827615350706416
252,0.3838705214335749,0.36898654518782703,0.5352759926165515,0.7819778425238838
253,0.38243314471522644,0.3675441073237021,0.5339390557620242,0.7811949642844181
254,0.38100116611538415,0.3661073106832307,0.5326054698974659,0.7804128988432126
255,0.3795745648542977,0.36467613310514624,0.5312752262713546,0.7796316447072311
256,0.37815332024791876,0.3632505525191754,0.5299483161652021,0.7788512003991556
257,0.3767374117069997,0.36183054694551214,0.5286247308931613,0.7780715644571099
258,0.3753268187362113,0.360416094494299,0.5273044618016415,0.7772927354343895
259,0.3739215209332788,0.3590071733651173,0.5259875002689328,0.7765147118991924
260,0.3725214979881362,0.35760376184648496,0.5246738377048397,0.7757374924343552
261,0.3711267296820987,0.3562058383153631,0.523363465550322,0.7749610756370924
262,0.36973719588705184,0.3548133812366695,0.5220563752771448,0.7741854601187389
263,0.36835287656465776,0.3534263691627988,0.5207525583875361,0.7734106445044967
264,0.366973751765578,0.35204478073315215,0.519452006413853,0.7726366274331845
265,0.36559980162871125,0.35066859467367023,0.518154710918254,0.7718634075569919
266,0.36423100638044836,0.34929778979637643,0.5168606634923805,0.7710909835412358
267,0.3628673463339404,0.3479323449989241,0.5155698557570445,0.7703193540641222
268,0.3615088018883829,0.3465722392641513,0.514282279361924,0.7695485178165095
269,0.3601553535283137,0.3452174516596407,0.5129979259852647,0.7687784735016772
270,0.3588069818229249,0.3438679613372862,0.5117167873335898,0.7680092198350976
271,0.3574636674253886,0.34252374753286496,0.5104388551414144,0.7672407555442101
272,0.35612539107219493,0.34118478956561427,0.5091641211709687,0.7664730793682002
273,0.3547921335825043,0.33985106683781513,0.5078925772119256,0.7657061900577821
274,0.3534638758575108,0.3385225588343797,0.5066242150811354,0.7649400863749832
275,0.35214059887981847,0.33719924512244426,0.5053590266223668,0.7641747670929342
276,0.3508222837128296,0.33588110535096755,0.5040970037060523,0.7634102309956609
277,0.3495089115001438,0.33456811925033325,0.5028381382290414,0.7626464768778806
278,0.34820046346496875,0.33326026663195646,0.5015824221143578,0.7618835035448009
279,0.3468969209095422,0.33195752738789663,0.5003298473109623,0.7611213098119229
280,0.3455982652145636,0.3306598814904726,0.4990804057935216,0.7603598945048468
281,0.34430447783863677,0.329367308991883,0.4978340895621819,0.7595992564590808
282,0.3430155403177232,0.32807979002383086,0.49659089064234746,0.7588393945198547
283,0.34173143426460356,0.32679730479715136,0.4953508010844641,0.758080307541935
284,0.34045214136835,0.3255198336014445,0.4941138129638077,0.7573219943894435
285,0.33917764339380735,0.3242473568047102,0.49287991838027717,0.7565644539356803
286,0.3379079221810835,0.3229798548529885,0.4916491094581919,0.7558076850629483
287,0.3366429596450479,0.3217173082700022,0.4904213783460941,0.7550516866623821
288,0.3353827377748398,0.32045969765680343,0.4891967172165549,0.7542964576337792
289,0.33412723863338356,0.31920700369142346,0.48797511826598494,0.7535419968854344
290,0.3328764443569131,0.31795920712852543,0.48675657371444886,0.7527883033339775
291,0.33163033715450335,0.3167162887990616,0.4855410758054845,0.7520353759042131
292,0.3303888993076103,0.31547822960993155,0.48432861680592476,0.7512832135289645
293,0.3291521131696173,0.31424501054364506,0.4831191890057244,0.7505318151489199
294,0.3279199611653905,0.3130166126579878,0.48191278471779003,0.7497811797124808
295,0.3266924257908391,0.31179301708568863,0.4807093962778135,0.7490313061756144
296,0.3254694896124842,0.31057420503409106,0.47950901604410934,0.748282193501708
297,0.32425113526703375,0.30936015778482706,0.4783116363974552,0.7475338406614261
298,0.32303734546096413,0.30815085669349296,0.4771172497409358,0.7467862466325709
299,0.3218281029701081,0.30694628318932865,0.47592584849978975,0.7460394103999443
300,0.3206233906392488,0.305746418774899,0.47473742512126055,0.7452933309552134
301,0.31942319138171976,0.30455124502577763,0.4735519720744492,0.7445480072967788
302,0.31822748817901125,0.303360743590233,0.4723694818501707,0.7438034384296445
303,0.31703626408038227,0.302174896188918,0.471189946960814,0.7430596233652902
304,0.3158495022024769,0.30099368461455966,0.47001335994020316,0.7423165611215479
305,0.314667185728948,0.29981709073165314,0.46883971334346264,0.7415742507224784
306,0.3134892979100851,0.2986450964761572,0.4676689997468851,0.7408326911982526
307,0.3123158220624475,0.2974776838551912,0.4665012117478009,0.7400918815850327
308,0.31114674156850225,0.2963148349467352,0.46533634196445156,0.7393518209248578
309,0.309982039876268,0.29515653189933194,0.46417438303586467,0.7386125082655308
310,0.30882170049896196,0.2940027569317896,0.46301532762173103,0.7378739426605077
311,0.30766570701465346,0.2928534923328888,0.4618591684022854,0.7371361231687883
312,0.3065140430659203,0.2917087204610892,0.46070589807818824,0.7363990488548116
313,0.30536669235951036,0.2905684237442396,0.45955550937041034,0.7356627187883497
314,0.30422363866600777,0.289432584679289,0.4584079950201194,0.7349271320444063
315,0.30308486581950267,0.2883011858320006,0.45726334778856914,0.7341922877031175
316,0.3019503577172649,0.28717420983666575,0.4561215604569893,0.7334581848496522
317,0.3008200983194231,0.28605163939582146,0.4549826258264792,0.7327248225741172
318,0.29969407164864537,0.28493345727996877,0.4538465367179026,0.7319921999714625
319,0.29857226178982593,0.2838196463272928,0.4527132859717833,0.7312603161413892
320,0.29745465288977435,0.2827101894433847,0.4515828664482048,0.7305291701882591
321,0.29634122915690847,0.28160506960096515,0.45045527102671,0.7297987612210065
322,0.2952319748609507,0.2805042698396096,0.44933049260620334,0.7290690883530514
323,0.29412687433262896,0.2794077732654744,0.44820852410485446,0.7283401507022143
324,0.29302591196337874,0.2783155630510259,0.44708935846000364,0.7276119473906333
325,0.29192907220505077,0.2772276224347693,0.44597298862806906,0.7268844775446831
326,0.29083633956962013,0.2761439347209805,0.4448594075844546,0.7261577402948945
327,0.2897476986288995,0.2750644832794387,0.4437486083234609,0.7254317347758773
328,0.28866313401425525,0.2739892515451607,0.4426405838581963,0.7247064601262426
329,0.2875826304163255,0.27291822301813584,0.4415353272204897,0.7239819154885293
330,0.2865061725847433,0.271851381263064,0.4404328314608058,0.72325810000913
331,0.2854337453278598,0.2707887099090935,0.4393330896481598,0.7225350128382196
332,0.2843653335124727,0.26973019264956083,0.4382360948700355,0.7218126531296851
333,0.28330092206355584,0.2686758132417321,0.43714184023230307,0.7210910200410565
334,0.28224049596399214,0.2676255555065453,0.4360503188591389,0.7203701127334401
335,0.28118404025430854,0.26657940332835417,0.4349615238929467,0.7196499303714523
336,0.2801315400324144,0.26553734065467316,0.4338754484942791,0.7189304721231552
337,0.27908298045334134,0.2644993514959241,0.4327920858417617,0.7182117371599935
338,0.2780383467289858,0.2634654199251835,0.43171142913201666,0.7174937246567329
339,0.27699762412785445,0.2624355300779318,0.4306334715795884,0.7167764337913995
340,0.27596079797481143,0.26140966615180317,0.42955820641687065,0.7160598637452211
341,0.2749278536508276,0.2603878124063368,0.42848562689403336,0.7153440137025686
342,0.27389877659273293,0.2593699531627298,0.42741572627895186,0.7146288828509003
343,0.27287355229296945,0.2583560728035909,0.4263484978571362,0.7139144703807055
344,0.27185216629934844,0.2573461557726947,0.42528393493166167,0.7132007754854512
345,0.27083460421480765,0.25634018657473884,0.4242220308231006,0.712487797361529
346,0.26982085169717157,0.2553381497750999,0.42316277886945464,0.7117755352082022
347,0.2688108944589139,0.2543400299995931,0.42210617242608783,0.7110639882275565
348,0.26780471826692104,0.25334581193423084,0.4210522048656613,0.7103531556244493
349,0.2668023089422584,0.25235548032498367,0.4200008695780678,0.7096430366064618
350,0.26580365235993775,0.2513690199775419,0.41895215997036783,0.7089336303838507
351,0.26480873444868713,0.25038641575707854,0.4179060694667263,0.7082249361695028
352,0.26381754119072215,0.24940765258801278,0.4168625915083498,0.7075169531788884
353,0.26283005862151876,0.24843271545377543,0.4158217195534248,0.7068096806300177
354,0.26184627282958856,0.2474615893965746,0.4147834470770568,0.7061031177433971
355,0.2608661699562546,0.24649425951716283,0.4137477675712096,0.7053972637419862
356,0.2598897361954302,0.2455307109746053,0.412714674544646,0.7046921178511568
357,0.25891695779339846,0.24457092898604868,0.41168416152286874,0.703987679298652
358,0.257947821048593,0.24361489882649154,0.41065622204806196,0.7032839473145465
359,0.2569823123113816,0.2426626058285553,0.4096308496790338,0.7025809211312071
360,0.25602041798385033,0.24171403538225683,0.40860803799115936,0.7018785999832556
361,0.255062124519589,0.24076917293478084,0.40758778057632417,0.701176983107531
362,0.2541074184234791,0.23982800399025478,0.4065700710428682,0.7004760697430531
363,0.25315628625148223,0.23889051410952353,0.40555490301553143,0.6997758591309872
364,0.25220871461043054,0.23795668890992575,0.40454227013539823,0.699076350514609
365,0.25126469015781755,0.2370265140650706,0.4035321660598436,0.6983775431392709
366,0.2503241996015924,0.23609997530461643,0.40252458446248,0.6976794362523686
367,0.24938722969995292,0.23517705841404876,0.40151951903310384,0.6969820291033082
368,0.24845376726114182,0.2342577492344612,0.40051696347764304,0.6962853209434753
369,0.24752379914324346,0.2333420336623358,0.3995169115181052,0.6955893110262029
370,0.24659731225398215,0.23242989764932465,0.39851935689252616,0.6948939986067417
371,0.24567429355052114,0.23152132720203297,0.39752429335491846,0.69419938294223
372,0.24475473003926373,0.2306163083818027,0.3965317146752213,0.6935054632916653
373,0.24383860877565489,0.2297148273044968,0.39554161463925036,0.6928122389158746
374,0.24292591686398432,0.22881687014028484,0.39455398704864764,0.692119709077488
375,0.24201664145719093,0.22792242311342936,0.39356882572083285,0.6914278730409109
376,0.24111076975666781,0.22703147250207295,0.39258612448895414,0.6907367300722975
377,0.24020828901206878,0.22614400463802645,0.3916058772018398,0.6900462794395249
378,0.2393091865211165,0.2252600059065581,0.3906280777239505,0.6893565204121679
379,0.23841344962941072,0.22437946274618306,0.3896527199353313,0.688667452261474
380,0.23752106573023812,0.22350236164845452,0.3886797977315647,0.6879790742603392
381,0.2366320222643834,0.22262868915775497,0.38770930502372375,0.6872913856832844
382,0.23574630671994143,0.22175843187108898,0.3867412357383255,0.6866043858064323
383,0.23486390663212955,0.22089157643787605,0.38577558381728455,0.6859180739074849
384,0.23398480958310214,0.22002810955974553,0.38481234321786806,0.6852324492657006
385,0.23310900320176559,0.2191680179903307,0.3838515079126496,0.6845475111618735
386,0.23223647516359402,0.21831128853506546,0.38289307188946453,0.6838632588783122
387,0.2313672131904466,0.21745790805098034,0.3819370291513645,0.6831796916988183
388,0.2305012050503852,0.2166078634465005,0.3809833737165741,0.6824968089086673
389,0.22963843855749375,0.21576114168124377,0.3800320996184457,0.6818146097945881
390,0.2287789015716975,0.21491772976581983,0.37908320090541614,0.681133093644744
391,0.22792258199858453,0.21407761476163034,0.37813667164096304,0.6804522597487138
392,0.22706946778922688,0.21324078378066968,0.3771925059035617,0.6797721073974736
393,0.22621954694000335,0.21240722398532627,0.3762506977866415,0.6790926358833782
394,0.22537280749242325,0.2115769225881853,0.37531124139854444,0.6784138445001444
395,0.22452923753295073,0.21074986685183192,0.3743741308624816,0.677735732542833
396,0.22368882519282957,0.20992604408865465,0.3734393603164913,0.6770582993078322
397,0.22285155864791015,0.20910544166065098,0.3725069239133975,0.6763815440928415
398,0.22201742611847594,0.20828804697923245,0.37157681582076807,0.6757054661968552
399,0.22118641586907128,0.2074738475050309,0.37064903022087303,0.6750300649201472
400,0.2203585162083306,0.20666283074770592,0.3697235613106438,0.6743553395642548
401,0.21953371548880743,0.20585498426575238,0.3688004033016326,0.673681289431965
402,0.2187120021068047,0.20505029566630936,0.36787955041997095,0.6730079138272985
403,0.21789336450220653,0.20424875260496964,0.36696099690632983,0.6723352120554964
404,0.21707779115830958,0.20345034278558957,0.36604473701587964,0.6716631834230057
405,0.2162652706016556,0.20265505396010008,0.36513076501824954,0.6709918272374655
406,0.21545579140186583,0.2018628739283188,0.36421907519748864,0.6703211428076943
407,0.21464934217147452,0.20107379053776198,0.3633096618520254,0.669651129443676
408,0.21384591156576407,0.2002877916834578,0.36240251929462924,0.668981786456548
409,0.21304548828260134,0.19950486530776068,0.3614976418523707,0.6683131131585883
410,0.21224806106227367,0.19872499940016572,0.36059502386658315,0.6676451088632032
411,0.2114536186873265,0.19794818199712377,0.3596946596928235,0.6669777728849153
412,0.21066214998240146,0.19717440118185828,0.35879654370083397,0.6663111045393526
413,0.20987364381407494,0.19640364508418187,0.3579006702745038,0.6656451031432363
414,0.20908808909069773,0.19563590188031352,0.3570070338118308,0.6649797680143698
415,0.2083054747622352,0.1948711597926977,0.3561156287248837,0.6643150984716282
416,0.20752578982010844,0.19410940708982297,0.35522644943976434,0.6636510938349471
417,0.20674902329703557,0.1933506320860417,0.35433949039656953,0.6629877534253129
418,0.2059751642668743,0.19259482314139065,0.3534547460493547,0.6623250765647519
419,0.20520420184446503,0.19184196866141265,0.35257221086609525,0.6616630625763212
420,0.20443612518547433,0.1910920570969774,0.35169187932865087,0.661001710784098
421,0.20367092348623952,0.1903450769441054,0.3508137459327274,0.6603410205131707
422,0.20290858598361386,0.1896010167437902,0.34993780518784107,0.65968099108963
423,0.20214910195481164,0.18885986508182306,0.3490640516172809,0.6590216218405587
424,0.20139246071725567,0.18812161058861732,0.3481924797580731,0.658362912094024
425,0.2006386516284236,0.18738624193903428,0.34732308416094465,0.6577048611790683
426,0.19988766408569544,0.1866537478522083,0.34645585939028656,0.6570474684257004
427,0.19913948752620275,0.18592411709137485,0.3455908000241185,0.656390733164888
428,0.19839411142667712,0.18519733846369713,0.34472790065405307,0.655734654728549
429,0.19765152530329957,0.1844734008200943,0.3438671558852592,0.6550792324495437
430,0.19691171871155144,0.1837522930550706,0.3430085603364277,0.6544244656616671
431,0.19617468124606519,0.18303400410654472,0.3421521086397353,0.6537703536996416
432,0.19544040254047526,0.18231852295567982,0.3412977954408093,0.653116895899109
433,0.19470887226727127,0.18160583862671448,0.3404456153986929,0.6524640915966239
434,0.19398008013764984,0.1808959401867944,0.3395955631858097,0.6518119401296463
435,0.1932540159013686,0.18018881674580414,0.3387476334879293,0.6511604408365343
436,0.1925306693466,0.17948445745620023,0.3379018210041321,0.6505095930565385
437,0.19181003029978574,0.17878285151284476,0.33705812044677513,0.649859396129794
438,0.1910920886254922,0.17808398815283918,0.33621652654145767,0.6492098493973149
439,0.190376834226266,0.17738785665535942,0.33537703402698615,0.6485609522009874
440,0.18966425704249074,0.17669444634149126,0.3345396376553412,0.6479127038835641
441,0.18895434705224332,0.176003746574066,0.33370433219164225,0.6472651037886575
442,0.18824709427115222,0.17531574675749798,0.33287111241411443,0.6466181512607344
443,0.18754248875225518,0.17463043633762138,0.33203997311405475,0.6459718456451099
444,0.1868405205858578,0.17394780480152808,0.3312109090957975,0.6453261862879417
445,0.1861411798993932,0.17326784167740714,0.33038391517668186,0.644681172536225
446,0.18544445685728173,0.17259053653438322,0.3295589861870176,0.6440368037377867
447,0.18475034166079107,0.1719158789823568,0.328736116970052,0.6433930792412798
448,0.18405882454789765,0.17124385867184497,0.32791530238193656,0.6427499983961789
449,0.18336989579314783,0.17057446529382225,0.32709653729169386,0.6421075605527747
450,0.1826835457075201,0.16990768857956257,0.3262798165811844,0.6414657650621691
451,0.18199976463828765,0.1692435183004815,0.3254651351450741,0.6408246112762706
452,0.1813185429688819,0.1685819442679797,0.3246524878908011,0.6401840985477888
453,0.18063987111875524,0.16792295633328597,0.3238418697385429,0.6395442262302308
454,0.1799637395432467,0.16726654438730207,0.3230332756211846,0.6389049936778959
455,0.17929013873344574,0.1666126983604472,0.3222267004842856,0.6382664002458712
456,0.1786190592160576,0.1659614082225037,0.3214221392860472,0.6376284452900276
457,0.1779504915532698,0.16531266398246303,0.3206195869972811,0.6369911281670151
458,0.177284426342618,0.16466645568837257,0.3198190386013768,0.6363544482342591
459,0.176620854216853,0.1640227734271827,0.3190204890942689,0.635718404849956
460,0.1759597658438085,0.163381607324595,0.31822393348440614,0.635082997373069
461,0.17530115192626866,0.16274294754491056,0.3174293667927194,0.6344482251633248
462,0.17464500320183668,0.1621067842908788,0.316636784052589,0.6338140875812088
463,0.17399131044280414,0.16147310780354773,0.31584618030981404,0.6331805839879627
464,0.17334006445602027,0.16084190836211382,0.31505755062258073,0.6325477137455795
465,0.17269125608276156,0.16021317628377263,0.3142708900614301,0.6319154762168003
466,0.17204487619860323,0.15958690192357095,0.31348619370922753,0.6312838707651115
467,0.17140091571328958,0.15896307567425805,0.31270345666113125,0.6306528967547403
468,0.17075936557060536,0.1583416879661389,0.3119226740245607,0.6300225535506518
469,0.17012021674824856,0.15772272926692668,0.31114384091916586,0.6293928405185457
470,0.16948346025770245,0.15710619008159726,0.31036695247679646,0.6287637570248532
471,0.16884908714410843,0.15649206095224297,0.30959200384147034,0.6281353024367331
472,0.1682170884861401,0.15588033245792768,0.3088189901693432,0.6275074761220696
473,0.16758745539587697,0.15527099521454243,0.3080479066286781,0.6268802774494687
474,0.16696017901867877,0.15466403987466087,0.3072787483998138,0.6262537057882553
475,0.1663352505330608,0.15405945712739663,0.30651151067513543,0.6256277605084701
476,0.1657126611505694,0.15345723769825997,0.3057461886590432,0.6250024409808674
477,0.16509240211565737,0.15285737234901559,0.3049827775679224,0.6243777465769114
478,0.16447446470556107,0.15225985187754082,0.30422127263011295,0.6237536766687735
479,0.16385884023017708,0.1516646671176847,0.30346166908587957,0.6231302306293307
480,0.16324552003193923,0.15107180893912697,0.3027039621873809,0.6225074078321615
481,0.16263449548569706,0.1504812682472384,0.3019481471986405,0.6218852076515442
482,0.16202575799859376,0.14989303598294096,0.3011942193955159,0.6212636294624541
483,0.1614192990099448,0.14930710312256887,0.3004421740656695,0.6206426726405605
484,0.16081510999111762,0.14872346067773032,0.29969200650853856,0.6200223365622254
485,0.1602131824454113,0.14814209969516948,0.2989437120353054,0.6194026206044998
486,0.15961350790793613,0.14756301125662907,0.29819728596886774,0.6187835241451223
487,0.15901607794549516,0.1469861864787136,0.29745272364380965,0.6181650465625161
488,0.1584208841564646,0.14641161651275314,0.2967100204063717,0.6175471872357872
489,0.1578279181706754,0.14583929254466751,0.2959691716144215,0.6169299455447217
490,0.15723717164929576,0.14526920579483105,0.29523017263742485,0.6163133208697841
491,0.15664863628471312,0.14470134751793792,0.2944930188564163,0.6156973125921149
492,0.15606230380041725,0.14413570900286787,0.2937577056639699,0.6150819200935285
493,0.1554781659508833,0.1435722815725529,0.2930242284641706,0.6144671427565106
494,0.15489621452145616,0.1430110565838438,0.2922925826725849,0.6138529799642174
495,0.15431644132823422,0.14245202542737753,0.29156276371623197,0.6132394311004724
496,0.15373883821795412,0.14189517952744557,0.2908347670335553,0.612626495549765
497,0.15316339706787604,0.14134051034186193,0.29010858807439366,0.6120141726972486
498,0.15259010978566898,0.14078800936183225,0.2893842222999521,0.6114024619287379
499,0.15201896830929704,0.14023766811182314,0.28866166518277425,0.6107913626307085
500,0.15144996460690574,0.13968947814943258,0.2879409122067132,0.610180874190294
501,0.15088309067670863,0.1391434310652598,0.28722195886690316,0.6095709959952839
502,0.1503183385468749,0.13859951848277674,0.28650480066973133,0.6089617274341229
503,0.149755700275417,0.13805773205819932,0.28578943313280963,0.6083530678959085
504,0.14919516795007864,0.13751806348035953,0.2850758517849462,0.6077450167703892
505,0.14863673368822344,0.1369805044705778,0.28436405216611776,0.6071375734479632
506,0.14808038963672393,0.13644504678253633,0.2836540298274413,0.6065307373196764
507,0.1475261279718509,0.13591168220215197,0.2829457803311462,0.6059245077772212
508,0.14697394089916332,0.13538040254745085,0.28223929925054636,0.6053188842129339
509,0.1464238206533984,0.13485119966844267,0.28153458217001226,0.6047138660197948
510,0.14587575949836232,0.13432406544699518,0.2808316246849433,0.6041094525914249
511,0.1453297497268215,0.13379899179671054,0.2801304224017406,0.6035056433220853
512,0.14478578366039377,0.13327597066280056,0.27943097093777847,0.6029024376066761
513,0.14424385364944037,0.13275499402196325,0.2787332659213777,0.6022998348407332
514,0.14370395207295825,0.13223605388226004,0.27803730299177776,0.6016978344204291
515,0.14316607133847306,0.13171914228299295,0.27734307779910977,0.6010964357425699
516,0.1426302038819315,0.1312042512945823,0.27665058600436854,0.6004956382045941
517,0.14209634216759576,0.13069137301844547,0.275959823279386,0.5998954412045718
518,0.14156447868793687,0.13018049958687553,0.2752707853068039,0.5992958441412031
519,0.14103460596352893,0.12967162316292047,0.2745834677800463,0.5986968464138158
520,0.14050671654294442,0.12916473594026293,0.27389786640329317,0.5980984474223658
521,0.1399808030026486,0.1286598301431007,0.27321397689145316,0.5975006465674345
522,0.13945685794689558,0.12815689802602725,0.2725317949701366,0.5969034432502278
523,0.13893487400762386,0.127655931873913,0.2718513163756288,0.5963068368725748
524,0.13841484384435288,0.1271569240017869,0.27117253685486364,0.5957108268369269
525,0.1378967601440794,0.12665986675471838,0.2704954521653962,0.5951154125463561
526,0.13738061562117493,0.12616475250770026,0.26982005807537696,0.5945205934045542
527,0.13686640301728303,0.12567157366553175,0.2691463503635248,0.5939263688158309
528,0.13635411510121703,0.12518032266270143,0.2684743248191004,0.5933327381851135
529,0.13584374466885848,0.12469099196327194,0.2678039772418804,0.5927397009179449
530,0.13533528454305568,0.12420357406076374,0.2671353034421306,0.5921472564204833
531,0.13482872757352252,0.12371806147804014,0.26646829924057996,0.5915554040995
532,0.13432406663673827,0.12323444676719297,0.26580296046839413,0.5909641433623795
533,0.13382129463584705,0.12275272250942781,0.26513928296715017,0.5903734736171169
534,0.13332040450055765,0.12227288131495033,0.26447726258880894,0.5897833942723185
535,0.13282138918704484,0.12179491582285325,0.26381689519569074,0.5891939047371992
536,0.1323242416778496,0.12131881870100292,0.2631581766604485,0.5886050044215825
537,0.13182895498178046,0.12084458264592712,0.26250110286604195,0.5880166927358984
538,0.13133552213381552,0.120372200382703,0.26184566970571227,0.5874289690911835
539,0.13084393619500406,0.1199016646648455,0.261191873082956,0.5868418328990792
540,0.13035419025236902,0.11943296827419614,0.26053970891149947,0.586255283571831
541,0.1298662774188098,0.11896610402081222,0.25988917311527326,0.585669320522287
542,0.1293801908330052,0.11850106474285672,0.2592402616283867,0.5850839431638979
543,0.12889592365931712,0.11803784330648817,0.25859297039510243,0.5844991509107146
544,0.1284134690876941,0.11757643260575149,0.25794729536981076,0.5839149431773883
545,0.12793282033357603,0.11711682556246873,0.25730323251700477,0.5833313193791698
546,0.12745397063779781,0.11665901512613061,0.2566607778112545,0.582748278931907
547,0.12697691326649524,0.11620299427378848,0.25601992723718253,0.5821658212520455
548,0.1265016415110097,0.11574875600994636,0.2553806767894379,0.581583945756627
549,0.12602814868779375,0.11529629336645376,0.2547430224726719,0.581002651863288
550,0.12555642813831747,0.11484559940239872,0.25410696030151236,0.5804219389902602
551,0.12508647322897443,0.11439666720400142,0.2534724863005393,0.5798418065563679
552,0.12461827735098868,0.11394948988450802,0.25283959650425963,0.5792622539810282
553,0.12415183392032139,0.11350406058408503,0.25220828695708264,0.5786832806842497
554,0.12368713637757876,0.11306037246971429,0.2515785537132949,0.5781048860866321
555,0.12322417818791911,0.1126184187350877,0.2509503928370358,0.5775270696093646
556,0.12276295284096163,0.11217819260050324,0.250323800402273,0.5769498306742255
557,0.1223034538506942,0.11173968731276088,0.24969877249277772,0.576373168703581
558,0.12184567475538247,0.11130289614505866,0.2490753052021002,0.575797083120385
559,0.12138960911747895,0.11086781239688992,0.24845339463354527,0.5752215733481776
560,0.12093525052353246,0.11043442939394031,0.24783303690014824,0.5746466388110845
561,0.12048259258409776,0.11000274048798547,0.24721422812465008,0.574072278933816
562,0.12003162893364576,0.10957273905678885,0.24659696443947363,0.5734984931416665
563,0.11958235323047424,0.10914441850400046,0.24598124198669932,0.5729252808605138
564,0.11913475915661807,0.10871777225905538,0.24536705691804073,0.5723526415168175
565,0.11868884041776087,0.10829279377707306,0.24475440539482074,0.571780574537619
566,0.1182445907431464,0.10786947653875709,0.24414328358794768,0.5712090793505404
567,0.11780200388548988,0.10744781405029487,0.243533687677891,0.5706381553837838
568,0.11736107362089084,0.10702779984325822,0.24292561385465766,0.5700678020661303
569,0.11692179374874506,0.10660942747450416,0.24231905831776834,0.5694980188269393
570,0.11648415809165756,0.10619269052607591,0.24171401727623332,0.568928805096148
571,0.11604816049535545,0.10577758260510463,0.24111048694852907,0.5683601603042702
572,0.115613794828602,0.10536409734371119,0.24050846356257483,0.5677920838823962
573,0.11518105498310961,0.10495222839890853,0.2399079433557081,0.567224575262191
574,0.11474993487345442,0.10454196945250444,0.23930892257466224,0.5666576338758949
575,0.11432042843699064,0.10413331421100445,0.2387113974755424,0.5660912591563212
576,0.11389252963376498,0.10372625640551558,0.23811536432380181,0.565525450536857
577,0.11346623244643216,0.10332078979164987,0.23752081939421932,0.5649602074514612
578,0.11304153088017,0.10291690814942876,0.23692775897087526,0.564395529334665
579,0.11261841896259497,0.10251460528318758,0.23633617934712858,0.5638314156215697
580,0.11219689074367864,0.10211387502148067,0.23574607682559362,0.5632678657478472
581,0.1117769402956635,0.10171471121698655,0.23515744771811697,0.5627048791497391
582,0.11135856171297986,0.10131710774641361,0.23457028834575444,0.5621424552640552
583,0.11094174911216281,0.10092105851040628,0.2339845950387481,0.5615805935281737
584,0.11052649663176947,0.10052655743345136,0.23340036413650314,0.56101929338004
585,0.11011279843229632,0.10013359846378496,0.2328175919875652,0.5604585542581664
586,0.10970064869609716,0.09974217557329951,0.23223627494959728,0.5598983756016308
587,0.10929004162730174,0.09935228275745145,0.23165640938935744,0.5593387568500767
588,0.10888097145173345,0.09896391403516887,0.2310779916826754,0.5587796974437119
589,0.1084734324168289,0.09857706344875998,0.2305010182144306,0.5582211968233082
590,0.1080674187915564,0.09819172506382179,0.22992548537852908,0.5576632544302008
591,0.10766292486633565,0.09780789296914863,0.22935138957788084,0.5571058697062872
592,0.10725994495295743,0.09742556127664212,0.22877872722437823,0.5565490420940268
593,0.10685847338450369,0.09704472412122024,0.2282074947388724,0.5559927710364403
594,0.10645850451526748,0.09666537566072773,0.22763768855115143,0.5554370559771088
595,0.10606003272067398,0.09628751007584632,0.22706930509991818,0.5548818963601736
596,0.10566305239720118,0.09591112157000557,0.2265023408327679,0.554327291630335
597,0.10526755796230111,0.0955362043692937,0.22593679220616578,0.5537732412328518
598,0.1048735438543213,0.09516275272236936,0.22537265568542494,0.5532197446135407
599,0.10448100453242656,0.09479076090037322,0.22480992774468458,0.552666801218776
600,0.10408993447652114,0.09442022319683999,0.22424860486688755,0.5521144104954883
601,0.10370032818717109,0.09405113392761107,0.22368868354375857,0.5515625718911642
602,0.10331218018552686,0.09368348743074732,0.22313016027578234,0.5510112848538461
603,0.10292548501324603,0.09331727806644198,0.22257303157218142,0.5504605488321302
604,0.1025402372324171,0.0929525002169346,0.22201729395089478,0.5499103632751677
605,0.10215643142548254,0.09258914828642437,0.22146294393855578,0.5493607276326629
606,0.10177406219516266,0.09222721670098459,0.22090997807047028,0.5488116413548727
607,0.10139312416438005,0.09186669990847704,0.22035839289059547,0.5482631038926064
608,0.10101361197618336,0.09150759237846696,0.21980818495151777,0.5477151146972248
609,0.10063552029367268,0.09114988860213794,0.21925935081443176,0.5471676732206397
610,0.10025884379992377,0.09079358309220768,0.21871188704911818,0.5466207789153135
611,0.09988357719791381,0.09043867038284367,0.21816579023392293,0.5460744312342577
612,0.09950971521044677,0.0900851450295793,0.2176210569557353,0.5455286296310333
613,0.09913725258007902,0.08973300160923056,0.21707768380996684,0.5449833735597499
614,0.09876618406904557,0.0893822347198126,0.21653566740053032,0.5444386624750646
615,0.09839650445918646,0.08903283898045704,0.2159950043398178,0.5438944958321817
616,0.09802820855187307,0.08868480903132933,0.21545569124868025,0.543350873086853
617,0.0976612911679355,0.08833813953354643,0.21491772475640594,0.5428077936953756
618,0.09729574714758914,0.08799282516909519,0.21438110150069942,0.542265257114592
619,0.09693157135036266,0.08764886064075049,0.2138458181276606,0.54172326280189
620,0.09656875865502548,0.08730624067199426,0.21331187129176393,0.5411818102152016
621,0.09620730395951554,0.08696496000693416,0.21277925765583708,0.5406408988130023
622,0.0958472021808679,0.08662501341022336,0.21224797389104033,0.5401005280543106
623,0.0954884482551432,0.08628639566697993,0.2117180166768461,0.5395606973986878
624,0.09513103713735617,0.08594910158270688,0.21118938270101736,0.5390214063062368
625,0.09477496380140502,0.08561312598321276,0.21066206865958764,0.5384826542376021
626,0.09442022324000057,0.08527846371453189,0.21013607125684025,0.5379444406539688
627,0.09406681046459585,0.08494510964284557,0.20961138720528738,0.537406765017062
628,0.09371472050531598,0.08461305865440309,0.2090880132256498,0.5368696267891464
629,0.09336394841088834,0.08428230565544363,0.20856594604683637,0.536333025433026
630,0.09301448924857274,0.08395284557211775,0.20804518240592346,0.5357969604120429
631,0.09266633810409228,0.08362467335040977,0.20752571904813463,0.5352614311900771
632,0.09231949008156408,0.0832977839560603,0.2070075527268204,0.5347264372315458
633,0.09197394030343059,0.08297217237448876,0.2064906802034376,0.534191978001403
634,0.09162968391039074,0.08264783361071652,0.20597509824752958,0.5336580529651386
635,0.09128671606133197,0.08232476268929066,0.20546080363670569,0.5331246615887782
636,0.0909450319332617,0.08200295465420707,0.20494779315662123,0.5325918033388828
637,0.09060462672123991,0.08168240456883477,0.2044360636009576,0.5320594776825467
638,0.09026549563831142,0.08136310751584022,0.20392561177140167,0.531527684087399
639,0.08992763391543841,0.08104505859711149,0.20341643447762645,0.5309964220216016
640,0.08959103680143371,0.08072825293368369,0.20290852853727065,0.5304656909538494
641,0.08925569956289361,0.08041268566566372,0.20240189077591922,0.5299354903533693
642,0.08892161748413145,0.08009835195215573,0.20189651802708292,0.5294058196899195
643,0.08858878586711146,0.07978524697118725,0.20139240713217937,0.5288766784337897
644,0.08825720003138247,0.07947336591963457,0.2008895549405125,0.5283480660557999
645,0.08792685531401213,0.0791627040131497,0.20038795830925316,0.5278199820272996
646,0.0875977470695214,0.07885325648608664,0.19988761410341965,0.5272924258201683
647,0.08726987066981921,0.07854501859142816,0.19938851919585796,0.5267653969068141
648,0.08694322150413734,0.07823798560071343,0.1988906704672221,0.5262388947601729
649,0.08661779497896557,0.07793215280396494,0.19839406480595487,0.525712918853709
650,0.08629358651798735,0.0776275155096167,0.19789869910826824,0.5251874686614131
651,0.0859705915620148,0.07732406904444196,0.19740457027812391,0.524662543657803
652,0.08564880556892529,0.07702180875348177,0.1969116752272143,0.5241381433179224
653,0.08532822401359721,0.07672072999997333,0.19642001087494265,0.5236142671173406
654,0.08500884238784645,0.07642082816527902,0.19592957414840428,0.5230909145321515
655,0.08469065620036285,0.07612209864881551,0.19544036198236722,0.5225680850389739
656,0.08437366097664722,0.07582453686798321,0.194952371319253,0.5220457781149499
657,0.08405785225894828,0.07552813825809582,0.19446559910911754,0.5215239932377455
658,0.08374322560620014,0.07523289827231056,0.19398004230963217,0.521002729885549
659,0.08342977659395967,0.07493881238155824,0.1934956978860646,0.520481987537071
660,0.08311750081434431,0.07464587607447389,0.19301256281125978,0.5199617656715442
661,0.08280639387597022,0.07435408485732736,0.19253063406562126,0.5194420637687219
662,0.0824964514038904,0.07406343425395465,0.19204990863709215,0.5189228813088785
663,0.08218766903953308,0.07377391980568902,0.19157038352113626,0.518404217772808
664,0.08188004244064076,0.07348553707129281,0.1910920557207194,0.5178860726418243
665,0.08157356728120883,0.07319828162688903,0.1906149222462907,0.5173684453977603
666,0.08126823925142461,0.07291214906589376,0.19013898011576377,0.5168513355229671
667,0.08096405405760738,0.07262713499894848,0.1896642263544981,0.516334742500314
668,0.08066100742214734,0.07234323505385257,0.18919065799528062,0.5158186658131875
669,0.0803590950834457,0.0720604448754964,0.18871827207830702,0.5153031049454913
670,0.08005831279585476,0.07177876012579462,0.18824706565116325,0.514788059381645
671,0.07975865632961834,0.07149817648361938,0.18777703576880714,0.5142735286065844
672,0.07946012147081198,0.07121868964473416,0.18730817949354983,0.5137595121057602
673,0.07916270402128389,0.07094029532172769,0.18684049389503765,0.5132460093651384
674,0.07886639979859594,0.07066298924394836,0.18637397605023362,0.5127330198711989
675,0.07857120463596486,0.07038676715743834,0.1859086230433993,0.5122205431109352
676,0.07827711438220328,0.07011162482486878,0.18544443196607635,0.5117085785718541
677,0.07798412490166194,0.06983755802547444,0.18498139991706872,0.5111971257419753
678,0.07769223207417111,0.06956456255498909,0.18451952400242408,0.5106861841098301
679,0.0774014317949827,0.06929263422558103,0.18405880133541616,0.5101757531644618
680,0.07711171997471283,0.06902176886578885,0.18359922903652648,0.509665832395425
681,0.07682309253928388,0.06875196232045734,0.18314080423342624,0.5091564212927842
682,0.07653554542986747,0.06848321045067389,0.18268352406095853,0.5086475193471144
683,0.07624907460282745,0.06821550913370486,0.1822273856611206,0.5081391260495003
684,0.0759636760296628,0.06794885426293247,0.18177238618304545,0.507631240891535
685,0.0756793456969511,0.0676832417477917,0.18131852278298466,0.5071238633653207
686,0.07539607960629216,0.06741866751370752,0.18086579262429026,0.5066169929634673
687,0.07511387377425162,0.06715512750203252,0.1804141928773968,0.5061106291790921
688,0.07483272423230518,0.06689261766998458,0.1799637207198043,0.5056047715058194
689,0.07455262702678245,0.06663113399058483,0.17951437333606,0.5050994194377801
690,0.07427357821881173,0.0663706724525958,0.1790661479177409,0.5045945724696107
691,0.07399557388426432,0.06611122906046002,0.17861904166343656,0.5040902300964534
692,0.07371861011369951,0.06585279983423882,0.17817305177873113,0.503586391813955
693,0.07344268301230947,0.06559538080955085,0.17772817547618616,0.503083057118267
694,0.07316778869986468,0.06533896803751187,0.17728440997532305,0.5025802255060445
695,0.07289392331065914,0.0650835575846736,0.1768417525026058,0.502077896474446
696,0.07262108299345607,0.06482914553296379,0.1764002002914235,0.5015760695211329
697,0.07234926391143394,0.06457572797962588,0.17595975058207317,0.501074744144269
698,0.07207846224213223,0.06432330103715925,0.17552040062174262,0.5005739198425198
699,0.07180867417739785,0.06407186083325953,0.1750821476644928,0.5000735961150519
700,0.0715398959233315,0.06382140351075923,0.1746449889712412,0.4995737724615334
701,0.07127212370023447,0.06357192522756852,0.1742089218097444,0.499074448382132
702,0.07100535374255533,0.06332342215661632,0.173773943454581,0.4985756233775155
703,0.07073958229883702,0.06307589048579165,0.17334005118713475,0.49807729694885094
704,0.07047480563166404,0.06282932641788509,0.1729072422955774,0.4975794685978043
705,0.07021102001761009,0.06258372617053051,0.1724755140748517,0.4970821378265394
706,0.06994822174718546,0.06233908597614702,0.17204486382665485,0.49658530413771845
707,0.06968640712478504,0.06209540208188131,0.17161528885942123,0.49608896703450056
708,0.0694255724686363,0.06185267074955,0.17118678648830565,0.49559312602054156
709,0.06916571411074744,0.06161088825558226,0.17075935403516682,0.4950977805999938
710,0.06890682839685598,0.06137005089096271,0.17033298882855047,0.4946029302775053
711,0.06864891168637714,0.06113015496117453,0.16990768820367233,0.49410857455821916
712,0.0683919603523528,0.06089119678614286,0.16948344950240216,0.49361471294777354
713,0.06813597078140066,0.06065317270017825,0.16906027007324662,0.4931213449523009
714,0.06788093937366291,0.06041607905192033,0.1686381472713326,0.4926284700784272
715,0.0676268625427561,0.06017991220428212,0.16821707845839123,0.4921360878332717
716,0.06737373671572063,0.05994466853439397,0.16779706100274094,0.4916441977244468
717,0.06712155833297022,0.059710344433547946,0.1673780922792711,0.4911527992600568
718,0.0668703238482421,0.05947693630714268,0.16696016966942576,0.4906618919486978
719,0.06662002972854725,0.05924444057462813,0.16654329056118722,0.49017147529945765
720,0.06637067245412029,0.05901285366945054,0.16612745234905948,0.4896815488219145
